,name,f1_score
0,run 1,0.978131747307589
1,run 2,0.9674986643035829
2,run 3,0.9807122865951761
3,run 4,0.968429297920833
4,run 5,0.9702511995105525
